DROP DATABASE IF EXISTS fishing_village;
CREATE DATABASE fishing_village;
USE fishing_village;

CREATE TABLE sailors(
    id INTEGER AUTO_INCREMENT,
    name VARCHAR(50),
    rating FLOAT,
    age INTEGER NOT NULL,
    PRIMARY KEY(id)
);

CREATE TABLE boats(
    id INTEGER AUTO_INCREMENT,
    name VARCHAR(50) NOT NULL UNIQUE,
    color VARCHAR(30) DEFAULT "black",
    PRIMARY KEY(id)
);

CREATE TABLE reservations(
    sailor_id INTEGER,
    boat_id INTEGER,
    day DATE,
    PRIMARY KEY (sailor_id, boat_id, day),
    FOREIGN KEY(sailor_id) REFERENCES sailors(id),
    FOREIGN KEY(boat_id) REFERENCES boats(id)
);

insert into sailors(id, name, rating, age) values (1, 'Manuel', 44.44, 24);
insert into sailors(id, name, rating, age) values (2, 'Nuno', 55.44, 23);
insert into sailors(id, name, rating, age) values (3, 'Soraia', 44.44, 44);
insert into sailors(id, name, rating, age) values (4, 'Manuela', 60.44, 26);
insert into sailors(id, name, rating, age) values (5, 'Rodrigo', 60.44, 28);
insert into sailors(id, name, rating, age) values (6, 'Ana', 20.44, 28);

insert into boats(id, name, color) values (1, 'Santana', 'red');
insert into boats(id, name, color) values (2, 'Titanic', 'white');
insert into boats(id, name, color) values (3, 'Mermaid', 'blue');
insert into boats(id, name, color) values (4, 'O Velejador', 'green');
insert into boats(id, name, color) values (5, 'O Esquecido', 'grey');
insert into boats(id, name, color) values (100, 'The One', 'yellow');

insert into reservations(sailor_id, boat_id, day) values (1,1, '2012-01-01');
insert into reservations(sailor_id, boat_id, day) values (1,2, '2013-02-01');
insert into reservations(sailor_id, boat_id, day) values (1,3, '2014-03-01');
insert into reservations(sailor_id, boat_id, day) values (2,4, '2015-04-01');
insert into reservations(sailor_id, boat_id, day) values (3,1, '2011-05-01');
insert into reservations(sailor_id, boat_id, day) values (5,100, '2010-06-01');
insert into reservations(sailor_id, boat_id, day) values (6,100, '2012-06-01');

